district,state,Males,Females,sex_ratio
"South Andaman","Andaman And Nicobar Islands",127281,110861,0.871
Nicobars,"Andaman And Nicobar Islands",20733,16109,0.777
Rangareddy,"Andhra Pradesh",2701041,2595700,0.961
"East Godavari","Andhra Pradesh",5149147,5149,0.001
Guntur,"Andhra Pradesh",4882930,4883,0.001
Krishna,"Andhra Pradesh",2267770,2249628,0.992
Visakhapatnam,"Andhra Pradesh",4286303,4286,0.001
Chittoor,"Andhra Pradesh",2090167,2083897,0.997
Anantapur,"Andhra Pradesh",2064314,2016834,0.977
Kurnool,"Andhra Pradesh",2038965,2014498,0.988
Mahbubnagar,"Andhra Pradesh",2050090,2002938,0.977
Hyderabad,"Andhra Pradesh",2018077,1925246,0.954
"West Godavari","Andhra Pradesh",3933033,3933,0.001
Karimnagar,"Andhra Pradesh",3772497,3772,0.001
Warangal,"Andhra Pradesh",1758926,1753650,0.997
Nalgonda,"Andhra Pradesh",1759359,1729450,0.983
Prakasam,"Andhra Pradesh",1715017,1682431,0.981
Medak,"Andhra Pradesh",1522735,1510553,0.992
"Sri Potti Sriramulu Nellore","Andhra Pradesh",1492976,1470581,0.985
YSR,"Andhra Pradesh",1452125,1430344,0.985
Khammam,"Andhra Pradesh",2794575,2795,0.001
Adilabad,"Andhra Pradesh",2738500,2739,0.001
Srikakulam,"Andhra Pradesh",2700414,2700,0.001
Nizamabad,"Andhra Pradesh",2548786,2549,0.001
Vizianagaram,"Andhra Pradesh",2342132,2342,0.001
Changlang,"Arunachal Pradesh",76961,71265,0.926
Lohit,"Arunachal Pradesh",76217,69509,0.912
"West Siang","Arunachal Pradesh",58173,54101,0.93
Tirap,"Arunachal Pradesh",57600,54375,0.944
"East Siang","Arunachal Pradesh",50108,49106,0.98
"Kurung Kumey","Arunachal Pradesh",91984,92,0.001
"West Kameng","Arunachal Pradesh",46150,37797,0.819
"Upper Subansiri","Arunachal Pradesh",41766,41682,0.998
"Lower Subansiri","Arunachal Pradesh",41850,41180,0.984
"East Kameng","Arunachal Pradesh",78611,79,0.001
"Lower Dibang Valley","Arunachal Pradesh",28050,26030,0.928
Tawang,"Arunachal Pradesh",29158,20819,0.714
"Upper Siang","Arunachal Pradesh",18698,16622,0.889
Anjaw,"Arunachal Pradesh",11510,9657,0.839
"Dibang Valley","Arunachal Pradesh",4415,3589,0.813
Nagaon,Assam,1439229,1384539,0.962
Dhubri,Assam,998084,951174,0.953
Sonitpur,Assam,983696,940414,0.956
Cachar,Assam,886481,850136,0.959
Barpeta,Assam,867190,826432,0.953
Kamrup,Assam,778626,738916,0.949
Tinsukia,Assam,680291,647638,0.952
Dibrugarh,Assam,676356,649979,0.961
"Kamrup Metropolitan",Assam,647695,606243,0.936
Karimganj,Assam,625923,602763,0.963
Sivasagar,Assam,589074,561976,0.954
Jorhat,Assam,556705,535551,0.962
Golaghat,Assam,543222,523666,0.964
Lakhimpur,Assam,529541,512596,0.968
Goalpara,Assam,513331,494852,0.964
Morigaon,Assam,486743,470680,0.967
"Karbi Anglong",Assam,490166,466147,0.951
Baksa,Assam,481294,468781,0.974
Darrang,Assam,475179,453321,0.954
Kokrajhar,Assam,452855,434287,0.959
Udalguri,Assam,421525,410143,0.973
Nalbari,Assam,395915,375724,0.949
Bongaigaon,Assam,375790,363014,0.966
Dhemaji,Assam,351323,334810,0.953
Hailakandi,Assam,337927,321369,0.951
Chirang,Assam,244877,237285,0.969
"Dima Hasao",Assam,110819,103283,0.932
Patna,Bihar,3077736,2760729,0.897
Muzaffarpur,Bihar,2526875,2274187,0.9
Madhubani,Bihar,2329896,2157483,0.926
Gaya,Bihar,2267123,2124295,0.937
Samastipur,Bihar,2230019,2031547,0.911
Saran,Bihar,2022447,1929415,0.954
Darbhanga,Bihar,2060379,1877006,0.911
"Pashchim Champaran",Bihar,2061311,1873731,0.909
Vaishali,Bihar,1844338,1650683,0.895
Sitamarhi,Bihar,1802830,1620744,0.899
Siwan,Bihar,1675284,1655180,0.988
Purnia,Bihar,1699437,1565182,0.921
Katihar,Bihar,1600328,1470701,0.919
Bhagalpur,Bihar,1615833,1421933,0.88
Begusarai,Bihar,1567568,1402973,0.895
Rohtas,Bihar,1543231,1416687,0.918
Nalanda,Bihar,1497218,1380435,0.922
Araria,Bihar,1463597,1347972,0.921
Bhojpur,Bihar,1430733,1297674,0.907
Gopalganj,Bihar,2559453,2559,0.001
Aurangabad,Bihar,1921746,1779536,0.926
Aurangabad,Bihar,1318833,1221240,0.926
Supaul,Bihar,1155560,1073516,0.929
Nawada,Bihar,1144480,1074666,0.939
Banka,Bihar,1066997,967766,0.907
Madhepura,Bihar,1047495,954267,0.911
Saharsa,Bihar,997199,903462,0.906
Jamui,Bihar,915924,844481,0.922
Buxar,Bihar,887800,818552,0.922
Kishanganj,Bihar,866872,823528,0.95
Khagaria,Bihar,883821,783065,0.886
Kaimur,Bihar,847075,779309,0.92
Munger,Bihar,729086,638679,0.876
Jehanabad,Bihar,585491,539822,0.922
Lakhisarai,Bihar,526242,474670,0.902
Arwal,Bihar,363508,337335,0.928
Sheohar,Bihar,346670,309576,0.893
Sheikhpura,Bihar,329711,306631,0.93
Chandigarh,Chandigarh,580556,474894,0.818
Raipur,Chhattisgarh,2048323,2015549,0.984
Durg,Chhattisgarh,1682028,1661844,0.988
Bilaspur,Chhattisgarh,1351410,1312219,0.971
Bilaspur,Chhattisgarh,193788,188168,0.971
Surguja,Chhattisgarh,1193067,1166819,0.978
Rajnandgaon,Chhattisgarh,1535597,1536,0.001
Raigarh,Chhattisgarh,1323054,1311146,0.991
Raigarh,Chhattisgarh,750369,743615,0.991
Bastar,Chhattisgarh,1411787,1412,0.001
Korba,Chhattisgarh,612819,593821,0.969
Mahasamund,Chhattisgarh,1031722,1032,0.001
Jashpur,Chhattisgarh,850818,851,0.001
Kabirdham,Chhattisgarh,412087,410439,0.996
Dhamtari,Chhattisgarh,798982,799,0.001
Bijapur,Chhattisgarh,1097445,1079886,0.984
Bijapur,Chhattisgarh,128644,126586,0.984
Narayanpur,Chhattisgarh,70120,69700,0.994
Daman,"Daman and Diu",124624,66549,0.534
Diu,"Daman and Diu",52022,52,0.001
"New Delhi",Delhi,77939,64065,0.822
"North Goa",Goa,416713,401295,0.963
"South Goa",Goa,322526,318011,0.986
Ahmadabad,Gujarat,3788984,3425241,0.904
Surat,Gujarat,3403090,2678232,0.787
Vadodara,Gujarat,2153891,2011735,0.934
Rajkot,Gujarat,1974343,1830215,0.927
Banaskantha,Gujarat,1610168,1510338,0.938
Bhavnagar,Gujarat,1490101,1390264,0.933
Junagadh,Gujarat,1404548,1338534,0.953
Sabarkantha,Gujarat,1244154,1184435,0.952
PanchMahal,Gujarat,1226668,1164108,0.949
Kheda,Gujarat,1185508,1114377,0.94
Jamnagar,Gujarat,1114038,1046081,0.939
Anand,Gujarat,1087140,1005605,0.925
Kachchh,Gujarat,1096631,995740,0.908
Mahesana,Gujarat,1056627,978437,0.926
Surendranagar,Gujarat,909983,846285,0.93
Valsad,Gujarat,887450,818228,0.922
Bharuch,Gujarat,805724,745295,0.925
Amreli,Gujarat,770973,743217,0.964
Gandhinagar,Gujarat,723741,668012,0.923
Patan,Gujarat,694436,649298,0.935
Navsari,Gujarat,678058,651614,0.961
Tapi,Gujarat,806216,806,0.001
Narmada,Gujarat,301018,289279,0.961
Porbandar,Gujarat,300230,285219,0.95
"The Dangs",Gujarat,228063,228,0.001
Faridabad,Haryana,966222,843511,0.873
Hisar,Haryana,931587,812344,0.872
Bhiwani,Haryana,866620,767825,0.886
Gurgaon,Haryana,816846,697586,0.854
Karnal,Haryana,797734,707590,0.887
Sonipat,Haryana,781251,668750,0.856
Jind,Haryana,713069,621083,0.871
Sirsa,Haryana,682756,612433,0.897
Yamunanagar,Haryana,646886,567319,0.877
Panipat,Haryana,646694,558743,0.864
Ambala,Haryana,598594,529756,0.885
Mewat,Haryana,571192,518071,0.907
Kaithal,Haryana,571135,503169,0.881
Rohtak,Haryana,568401,492803,0.867
Palwal,Haryana,554632,488076,0.88
Kurukshetra,Haryana,510940,453715,0.888
Jhajjar,Haryana,514718,443687,0.862
Fatehabad,Haryana,495274,446737,0.902
Mahendragarh,Haryana,486590,435498,0.895
Rewari,Haryana,474358,425974,0.898
Panchkula,Haryana,299676,261617,0.873
Kangra,"Himachal Pradesh",1508566,1509,0.001
Mandi,"Himachal Pradesh",998778,999,0.001
Shimla,"Himachal Pradesh",425070,388940,0.915
Solan,"Himachal Pradesh",308681,271639,0.88
Sirmaur,"Himachal Pradesh",276254,253601,0.918
Una,"Himachal Pradesh",263752,257421,0.976
Chamba,"Himachal Pradesh",261370,257710,0.986
Hamirpur,"Himachal Pradesh",1103182,1103,0.001
Hamirpur,"Himachal Pradesh",454314,454,0.001
Kullu,"Himachal Pradesh",225491,212412,0.942
Bilaspur,"Himachal Pradesh",1344588,1319041,0.981
Bilaspur,"Himachal Pradesh",192810,189146,0.981
Kinnaur,"Himachal Pradesh",46246,37875,0.819
Jammu,"Jammu and Kashmir",813807,716151,0.88
Srinagar,"Jammu and Kashmir",650963,585866,0.9
Anantnag,"Jammu and Kashmir",559778,518914,0.927
Baramula,"Jammu and Kashmir",534769,473270,0.885
Kupwara,"Jammu and Kashmir",474307,396047,0.835
Badgam,"Jammu and Kashmir",397965,355780,0.894
Rajouri,"Jammu and Kashmir",345384,297031,0.86
Kathua,"Jammu and Kashmir",326156,290279,0.89
Pulwama,"Jammu and Kashmir",293117,267323,0.912
Udhampur,"Jammu and Kashmir",296783,258202,0.87
Punch,"Jammu and Kashmir",251894,224941,0.893
Kulgam,"Jammu and Kashmir",217572,206911,0.951
Doda,"Jammu and Kashmir",213620,196316,0.919
Bandipora,"Jammu and Kashmir",207640,184592,0.889
Samba,"Jammu and Kashmir",169087,149811,0.886
Reasi,"Jammu and Kashmir",166490,148177,0.89
Ganderbal,"Jammu and Kashmir",158723,138723,0.874
Ramban,"Jammu and Kashmir",149166,134547,0.902
Shupiyan,"Jammu and Kashmir",136451,129764,0.951
Kishtwar,"Jammu and Kashmir",120154,110542,0.92
Kargil,"Jammu and Kashmir",77791,63011,0.81
Leh,"Jammu and Kashmir",78986,54501,0.69
Ranchi,Jharkhand,1495256,1418997,0.949
Dhanbad,Jharkhand,1406227,1278260,0.909
Giridih,Jharkhand,1257960,1187514,0.944
"Purbi Singhbhum",Jharkhand,1176972,1116947,0.949
Bokaro,Jharkhand,1073012,989318,0.922
Palamu,Jharkhand,1006156,933713,0.928
Hazaribagh,Jharkhand,890855,843640,0.947
"Pashchimi Singhbhum",Jharkhand,1500837,1501,0.001
Deoghar,Jharkhand,775103,716970,0.925
Garhwa,Jharkhand,683609,639175,0.935
Dumka,Jharkhand,668408,653034,0.977
Godda,Jharkhand,677787,635764,0.938
Sahibganj,Jharkhand,589430,561137,0.952
Chatra,Jharkhand,533992,508894,0.953
Gumla,Jharkhand,514407,510806,0.993
Ramgarh,Jharkhand,494244,455199,0.921
Pakur,Jharkhand,452701,447721,0.989
Jamtara,Jharkhand,404832,386210,0.954
Latehar,Jharkhand,369587,357391,0.967
Kodarma,Jharkhand,367312,348947,0.95
Simdega,Jharkhand,300239,299339,0.997
Khunti,Jharkhand,266342,265543,0.997
Lohardaga,Jharkhand,232640,229150,0.985
Bangalore,Karnataka,5021686,4599865,0.916
Belgaum,Karnataka,2422535,2357126,0.973
Mysore,Karnataka,1511903,1489224,0.985
Tumkur,Karnataka,1350292,1328688,0.984
Gulbarga,Karnataka,1302043,1264283,0.971
Bellary,Karnataka,1236810,1215785,0.983
Bijapur,Karnataka,1110883,1066448,0.96
Bijapur,Karnataka,130219,125011,0.96
"Dakshina Kannada",Karnataka,2087561,2088,0.001
Davanagere,Karnataka,986560,958937,0.972
Raichur,Karnataka,1926885,1927,0.001
Bagalkot,Karnataka,950102,939650,0.989
Dharwad,Karnataka,937099,909924,0.971
Mandya,Karnataka,905147,900622,0.995
Hassan,Karnataka,1774646,1775,0.001
Shimoga,Karnataka,877254,875499,0.998
Bidar,Karnataka,870808,832492,0.956
Chitradurga,Karnataka,840657,818799,0.974
Haveri,Karnataka,819317,778351,0.95
Kolar,Karnataka,776352,760049,0.979
"Uttara Kannada",Karnataka,726210,710959,0.979
Koppal,Karnataka,699859,690061,0.986
Chikkaballapura,Karnataka,636462,618642,0.972
Udupi,Karnataka,1176185,1176,0.001
Yadgir,Karnataka,590383,583888,0.989
Chikmagalur,Karnataka,1136824,1137,0.001
Ramanagara,Karnataka,547893,534743,0.976
Gadag,Karnataka,537119,527451,0.982
Chamarajanagar,Karnataka,512188,508603,0.993
"Bangalore Rural",Karnataka,509210,481713,0.946
Kodagu,Karnataka,553965,554,0.001
Malappuram,Kerala,4108811,4109,0.001
Thiruvananthapuram,Kerala,3298129,3298,0.001
Ernakulam,Kerala,3279109,3279,0.001
Thrissur,Kerala,3118082,3118,0.001
Kozhikode,Kerala,3083210,3083,0.001
Palakkad,Kerala,2807127,2807,0.001
Kollam,Kerala,2632742,2633,0.001
Kannur,Kerala,2520483,2520,0.001
Alappuzha,Kerala,2125663,2126,0.001
Kottayam,Kerala,1972578,1973,0.001
Kasaragod,Kerala,1306069,1306,0.001
Pathanamthitta,Kerala,1196216,1196,0.001
Idukki,Kerala,1107866,1108,0.001
Wayanad,Kerala,816603,817,0.001
Lakshadweep,Lakshadweep,33131,31342,0.946
Indore,"Madhya Pradesh",1699532,1577165,0.928
Jabalpur,"Madhya Pradesh",1276977,1186312,0.929
Sagar,"Madhya Pradesh",1256449,1122009,0.893
Bhopal,"Madhya Pradesh",1236215,1134846,0.918
Rewa,"Madhya Pradesh",1224809,1140297,0.931
Satna,"Madhya Pradesh",1157287,1071648,0.926
Dhar,"Madhya Pradesh",1112929,1072864,0.964
Chhindwara,"Madhya Pradesh",1064624,1026298,0.964
Gwalior,"Madhya Pradesh",1090148,941888,0.864
Ujjain,"Madhya Pradesh",1016299,970565,0.955
Morena,"Madhya Pradesh",1068462,897508,0.84
Shivpuri,"Madhya Pradesh",919579,806471,0.877
Bhind,"Madhya Pradesh",927058,775947,0.837
Balaghat,"Madhya Pradesh",1699998,1700,0.001
Betul,"Madhya Pradesh",799270,776092,0.971
Dewas,"Madhya Pradesh",805209,758506,0.942
Rajgarh,"Madhya Pradesh",790293,755521,0.956
Shajapur,"Madhya Pradesh",780537,732144,0.938
Vidisha,"Madhya Pradesh",769449,689426,0.896
Ratlam,"Madhya Pradesh",738239,716830,0.971
Tikamgarh,"Madhya Pradesh",760214,684952,0.901
Barwani,"Madhya Pradesh",699234,686647,0.982
Seoni,"Madhya Pradesh",695828,683303,0.982
Mandsaur,"Madhya Pradesh",682838,657573,0.963
Raisen,"Madhya Pradesh",700472,631125,0.901
Sehore,"Madhya Pradesh",683698,627634,0.918
Katni,"Madhya Pradesh",661907,630135,0.952
Damoh,"Madhya Pradesh",661895,602324,0.91
Guna,"Madhya Pradesh",649330,592189,0.912
Hoshangabad,"Madhya Pradesh",648563,592787,0.914
Singrauli,"Madhya Pradesh",613684,564589,0.92
Sidhi,"Madhya Pradesh",575898,551135,0.957
Narsimhapur,"Madhya Pradesh",568674,523180,0.92
Shahdol,"Madhya Pradesh",540052,526011,0.974
Mandla,"Madhya Pradesh",1053851,1054,0.001
Jhabua,"Madhya Pradesh",515099,509949,0.99
Panna,"Madhya Pradesh",533606,482914,0.905
Ashoknagar,"Madhya Pradesh",443840,401231,0.904
Neemuch,"Madhya Pradesh",422757,403310,0.954
Datia,"Madhya Pradesh",420050,366704,0.873
Burhanpur,"Madhya Pradesh",388440,369407,0.951
Anuppur,"Madhya Pradesh",379169,370068,0.976
Alirajpur,"Madhya Pradesh",728271,728,0.001
Dindori,"Madhya Pradesh",703820,704,0.001
Sheopur,"Madhya Pradesh",361842,326019,0.901
Umaria,"Madhya Pradesh",330645,314113,0.95
Harda,"Madhya Pradesh",294814,275651,0.935
Thane,Maharashtra,5864341,5195807,0.886
Pune,Maharashtra,4923973,4505435,0.915
"Mumbai Suburban",Maharashtra,5030625,4326337,0.86
Nashik,Maharashtra,3157801,2949386,0.934
Nagpur,Maharashtra,2385223,2268347,0.951
Ahmadnagar,Maharashtra,2343042,2200117,0.939
Solapur,Maharashtra,2227944,2089812,0.938
Jalgaon,Maharashtra,2197359,2032558,0.925
Kolhapur,Maharashtra,1980583,1895418,0.957
Aurangabad,Maharashtra,1924744,1776538,0.923
Aurangabad,Maharashtra,1320891,1219182,0.923
Nanded,Maharashtra,1729950,1631342,0.943
Satara,Maharashtra,1510936,1492805,0.988
Amravati,Maharashtra,1480495,1407950,0.951
Sangli,Maharashtra,1435475,1386668,0.966
Yavatmal,Maharashtra,1420260,1352088,0.952
Raigarh,Maharashtra,1344666,1289534,0.959
Raigarh,Maharashtra,762626,731358,0.959
Buldana,Maharashtra,1337259,1248999,0.934
Bid,Maharashtra,1349191,1235858,0.916
Latur,Maharashtra,1272923,1181273,0.928
Chandrapur,Maharashtra,1124073,1080234,0.961
Dhule,Maharashtra,1053886,996976,0.946
Jalna,Maharashtra,1011382,947664,0.937
Parbhani,Maharashtra,943033,893053,0.947
Akola,Maharashtra,932120,881786,0.946
Osmanabad,Maharashtra,861526,796050,0.924
Nandurbar,Maharashtra,833314,814981,0.978
Ratnagiri,Maharashtra,1613456,1613,0.001
Gondiya,Maharashtra,661584,660923,0.999
Wardha,Maharashtra,668435,632339,0.946
Bhandara,Maharashtra,605618,594716,0.982
Washim,Maharashtra,620290,576870,0.93
Hingoli,Maharashtra,606254,571091,0.942
Gadchiroli,Maharashtra,541343,531599,0.982
Sindhudurg,Maharashtra,848802,849,0.001
"Imphal West",Manipur,517475,517,0.001
Senapati,Manipur,247366,231782,0.937
"Imphal East",Manipur,455657,456,0.001
Thoubal,Manipur,421746,422,0.001
Churachandpur,Manipur,138807,135336,0.975
Bishnupur,Manipur,118759,118640,0.999
Ukhrul,Manipur,94698,89300,0.943
Chandel,Manipur,74590,69592,0.933
Tamenglong,Manipur,72389,68262,0.943
"East Khasi Hills",Meghalaya,825097,825,0.001
"West Garo Hills",Meghalaya,324239,319052,0.984
"Jaintia Hills",Meghalaya,394729,395,0.001
"West Khasi Hills",Meghalaya,193667,189794,0.98
"East Garo Hills",Meghalaya,161216,156701,0.972
"South Garo Hills",Meghalaya,73179,69155,0.945
Aizawl,Mizoram,399909,400,0.001
Lunglei,Mizoram,82911,78517,0.947
Champhai,Mizoram,63380,62365,0.984
Lawngtlai,Mizoram,60614,57280,0.945
Mamit,Mizoram,44818,41546,0.927
Kolasib,Mizoram,42922,41033,0.956
Serchhip,Mizoram,32846,32091,0.977
Saiha,Mizoram,28587,27987,0.979
Dimapur,Nagaland,197400,181411,0.919
Kohima,Nagaland,138998,128990,0.928
Mon,Nagaland,131785,118475,0.899
Tuensang,Nagaland,101916,94680,0.929
Mokokchung,Nagaland,101102,93520,0.925
Wokha,Nagaland,84524,81819,0.968
Phek,Nagaland,83761,79657,0.951
Zunheboto,Nagaland,71233,69524,0.976
Peren,Nagaland,49723,45496,0.915
Kiphire,Nagaland,37834,36170,0.956
Longleng,Nagaland,26501,23983,0.905
Ganjam,Orissa,1779642,1749389,0.983
Cuttack,Orissa,1352820,1271650,0.94
Mayurbhanj,Orissa,2517221,2517,0.001
Baleshwar,Orissa,1185758,1134771,0.957
Khordha,Orissa,1167275,1084398,0.929
Sundargarh,Orissa,1061043,1032394,0.973
Jajapur,Orissa,926098,901094,0.973
Kendujhar,Orissa,906304,895429,0.988
Puri,Orissa,865374,833356,0.963
Balangir,Orissa,829893,819104,0.987
Kalahandi,Orissa,1575294,1575,0.001
Bhadrak,Orissa,760392,745945,0.981
Bargarh,Orissa,749244,732011,0.977
Kendrapara,Orissa,1438922,1439,0.001
Koraput,Orissa,1378269,1378,0.001
Anugul,Orissa,655595,618226,0.943
Nabarangapur,Orissa,1219726,1220,0.001
Dhenkanal,Orissa,612640,580171,0.947
Jagatsinghapur,Orissa,577729,559242,0.968
Sambalpur,Orissa,526872,514227,0.976
Rayagada,Orissa,966944,967,0.001
Nayagarh,Orissa,502762,460027,0.915
Kandhamal,Orissa,732378,732,0.001
Malkangiri,Orissa,612579,613,0.001
Nuapada,Orissa,609772,610,0.001
Subarnapur,Orissa,311318,298865,0.96
Jharsuguda,Orissa,296726,282779,0.953
Gajapati,Orissa,577240,577,0.001
Baudh,Orissa,221578,219584,0.991
Debagarh,Orissa,158238,154282,0.975
Puducherry,Puducherry,949340,949,0.001
Karaikal,Puducherry,200022,200,0.001
Yanam,Puducherry,55570,56,0.001
Mahe,Puducherry,41774,42,0.001
Ludhiana,Punjab,1867987,1630752,0.873
Amritsar,Punjab,1318505,1172151,0.889
Gurdaspur,Punjab,1212835,1085488,0.895
Jalandhar,Punjab,1145478,1048112,0.915
Firozpur,Punjab,1071883,957191,0.893
Patiala,Punjab,1002478,893208,0.891
Sangrur,Punjab,878074,777095,0.885
Hoshiarpur,Punjab,809090,777535,0.961
Bathinda,Punjab,743322,645203,0.868
"Tarn Taran",Punjab,589277,530350,0.9
Moga,Punjab,526015,469731,0.893
Muktsar,Punjab,475684,426212,0.896
Kapurthala,Punjab,426343,388825,0.912
Mansa,Punjab,408790,360961,0.883
Rupnagar,Punjab,357508,327119,0.915
Faridkot,Punjab,326724,290784,0.89
"Shahid Bhagat Singh Nagar",Punjab,313362,298948,0.954
"Fatehgarh Sahib",Punjab,320771,279392,0.871
Barnala,Punjab,317445,278082,0.876
Jaipur,Rajasthan,3469203,3156975,0.91
Jodhpur,Rajasthan,1924408,1762757,0.916
Alwar,Rajasthan,1938881,1735298,0.895
Nagaur,Rajasthan,1696278,1611465,0.95
Udaipur,Rajasthan,1567120,1501300,0.958
Sikar,Rajasthan,1375107,1302226,0.947
Barmer,Rajasthan,1368954,1234797,0.902
Ajmer,Rajasthan,1323963,1259089,0.951
Bharatpur,Rajasthan,1355565,1192897,0.88
Bhilwara,Rajasthan,1220742,1187781,0.973
Bikaner,Rajasthan,1240912,1123025,0.905
Jhunjhunun,Rajasthan,1095921,1041124,0.95
Churu,Rajasthan,1051313,988234,0.94
Pali,Rajasthan,1025452,1012121,0.987
Ganganagar,Rajasthan,1043544,925624,0.887
Kota,Rajasthan,1020939,930075,0.911
Jalor,Rajasthan,936849,891881,0.952
Banswara,Rajasthan,907821,889664,0.98
Hanumangarh,Rajasthan,931108,843584,0.906
Dausa,Rajasthan,857957,776452,0.905
Chittaurgarh,Rajasthan,783133,761205,0.972
Karauli,Rajasthan,783583,674665,0.861
Tonk,Rajasthan,728138,693188,0.952
Jhalawar,Rajasthan,725143,685986,0.946
Dungarpur,Rajasthan,696365,692187,0.994
"Sawai Madhopur",Rajasthan,704033,631518,0.897
Baran,Rajasthan,633880,588875,0.929
Dhaulpur,Rajasthan,653584,552932,0.846
Rajsamand,Rajasthan,581205,575392,0.99
Bundi,Rajasthan,577094,533812,0.925
Sirohi,Rajasthan,534199,502147,0.94
Pratapgarh,Rajasthan,1618326,1590815,0.983
Pratapgarh,Rajasthan,437644,430204,0.983
Jaisalmer,Rajasthan,361727,308192,0.852
Chennai,"Tamil Nadu",2336215,2310517,0.989
Kancheepuram,"Tamil Nadu",2013219,1985033,0.986
Vellore,"Tamil Nadu",3932399,3932,0.001
Thiruvallur,"Tamil Nadu",1876248,1851856,0.987
Salem,"Tamil Nadu",1782014,1700042,0.954
Viluppuram,"Tamil Nadu",1740751,1718122,0.987
Coimbatore,"Tamil Nadu",3454590,3455,0.001
Tirunelveli,"Tamil Nadu",3074159,3074,0.001
Madurai,"Tamil Nadu",1526760,1511492,0.99
Tiruchirappalli,"Tamil Nadu",2719570,2720,0.001
Cuddalore,"Tamil Nadu",1311482,1294432,0.987
Tiruppur,"Tamil Nadu",1246381,1232671,0.989
Tiruvannamalai,"Tamil Nadu",1236146,1228729,0.994
Thanjavur,"Tamil Nadu",2403487,2403,0.001
Erode,"Tamil Nadu",1129826,1121918,0.993
Dindigul,"Tamil Nadu",1080968,1078807,0.998
Virudhunagar,"Tamil Nadu",1940348,1940,0.001
Krishnagiri,"Tamil Nadu",960066,919743,0.958
Kanniyakumari,"Tamil Nadu",1868505,1869,0.001
Thoothukkudi,"Tamil Nadu",1748428,1748,0.001
Namakkal,"Tamil Nadu",869386,857215,0.986
Pudukkottai,"Tamil Nadu",1616728,1617,0.001
Nagapattinam,"Tamil Nadu",1614835,1615,0.001
Dharmapuri,"Tamil Nadu",774328,732515,0.946
Ramanathapuram,"Tamil Nadu",682524,670921,0.983
Sivaganga,"Tamil Nadu",1337763,1338,0.001
Thiruvarur,"Tamil Nadu",1263014,1263,0.001
Theni,"Tamil Nadu",625765,620134,0.991
Karur,"Tamil Nadu",1063430,1063,0.001
Ariyalur,"Tamil Nadu",754140,754,0.001
"The Nilgiris","Tamil Nadu",734659,735,0.001
Perambalur,"Tamil Nadu",564658,565,0.001
"West Tripura",Tripura,879582,846157,0.962
"South Tripura",Tripura,447624,428377,0.957
"North Tripura",Tripura,352795,341152,0.967
Dhalai,Tripura,194563,183667,0.944
Allahabad,"Uttar Pradesh",3132241,2822150,0.901
Moradabad,"Uttar Pradesh",2503676,2268330,0.906
Ghaziabad,"Uttar Pradesh",2488913,2192732,0.881
Azamgarh,"Uttar Pradesh",4609304,4609,0.001
Lucknow,"Uttar Pradesh",2394282,2195556,0.917
"Kanpur Nagar","Uttar Pradesh",2460402,2120866,0.862
Jaunpur,"Uttar Pradesh",4489714,4490,0.001
Sitapur,"Uttar Pradesh",2374996,2108996,0.888
Bareilly,"Uttar Pradesh",2357371,2090988,0.887
Gorakhpur,"Uttar Pradesh",2277382,2163513,0.95
Agra,"Uttar Pradesh",2365523,2053274,0.868
Muzaffarnagar,"Uttar Pradesh",2193495,1950017,0.889
Hardoi,"Uttar Pradesh",2191031,1901814,0.868
Kheri,"Uttar Pradesh",2123148,1898095,0.894
Sultanpur,"Uttar Pradesh",1914835,1882282,0.983
Bijnor,"Uttar Pradesh",1921081,1761632,0.917
Budaun,"Uttar Pradesh",1967876,1714020,0.871
Varanasi,"Uttar Pradesh",1922029,1754812,0.913
Aligarh,"Uttar Pradesh",1952120,1721769,0.882
Ghazipur,"Uttar Pradesh",1854645,1765623,0.952
Kushinagar,"Uttar Pradesh",1817717,1746827,0.961
Bulandshahar,"Uttar Pradesh",1845554,1653617,0.896
Bahraich,"Uttar Pradesh",1843410,1644321,0.892
Saharanpur,"Uttar Pradesh",1834065,1632317,0.89
Meerut,"Uttar Pradesh",1825922,1617767,0.886
Gonda,"Uttar Pradesh",1787568,1646351,0.921
"Rae Bareli","Uttar Pradesh",1752732,1652827,0.943
Barabanki,"Uttar Pradesh",1707172,1553527,0.91
Ballia,"Uttar Pradesh",1672573,1567201,0.937
Pratapgarh,"Uttar Pradesh",1606177,1602964,0.998
Pratapgarh,"Uttar Pradesh",434358,433490,0.998
Unnao,"Uttar Pradesh",1629977,1478390,0.907
Deoria,"Uttar Pradesh",3097848,3098,0.001
Shahjahanpur,"Uttar Pradesh",1606057,1400481,0.872
Maharajganj,"Uttar Pradesh",1381731,1302972,0.943
Fatehpur,"Uttar Pradesh",1384920,1247813,0.901
Mathura,"Uttar Pradesh",1367249,1179935,0.863
Firozabad,"Uttar Pradesh",1332350,1165806,0.875
Mirzapur,"Uttar Pradesh",1312123,1184847,0.903
Faizabad,"Uttar Pradesh",1259427,1211569,0.962
Basti,"Uttar Pradesh",1255458,1209006,0.963
"Ambedkar Nagar","Uttar Pradesh",1212279,1185609,0.978
Rampur,"Uttar Pradesh",1223583,1112236,0.909
Mau,"Uttar Pradesh",1114688,1091280,0.979
Balrampur,"Uttar Pradesh",1114453,1034212,0.928
Pilibhit,"Uttar Pradesh",1071772,959235,0.895
Jhansi,"Uttar Pradesh",1057462,941141,0.89
Chandauli,"Uttar Pradesh",1018121,934635,0.918
Farrukhabad,"Uttar Pradesh",1005979,879225,0.874
Mainpuri,"Uttar Pradesh",993370,875159,0.881
Sonbhadra,"Uttar Pradesh",971094,891465,0.918
"Jyotiba Phule Nagar","Uttar Pradesh",963466,876755,0.91
Banda,"Uttar Pradesh",965867,833543,0.863
Etah,"Uttar Pradesh",947400,827080,0.873
"Sant Kabir Nagar","Uttar Pradesh",869768,845415,0.972
Jalaun,"Uttar Pradesh",906152,783822,0.865
Kannauj,"Uttar Pradesh",881648,774968,0.879
"Gautam Buddha Nagar","Uttar Pradesh",890392,757723,0.851
Kaushambi,"Uttar Pradesh",838363,761233,0.908
Etawah,"Uttar Pradesh",845888,735922,0.87
"Sant Ravidas Nagar","Uttar Pradesh",807270,770943,0.955
"Mahamaya Nagar","Uttar Pradesh",836295,728413,0.871
"Kanshiram Nagar","Uttar Pradesh",764212,672507,0.88
Auraiya,"Uttar Pradesh",740099,639446,0.864
Baghpat,"Uttar Pradesh",700187,602861,0.861
Lalitpur,"Uttar Pradesh",640919,580673,0.906
Shrawasti,"Uttar Pradesh",594025,523336,0.881
Hamirpur,"Uttar Pradesh",593383,510902,0.861
Hamirpur,"Uttar Pradesh",244368,210400,0.861
Chitrakoot,"Uttar Pradesh",527797,463933,0.879
Mahoba,"Uttar Pradesh",466431,409527,0.878
Dehradun,Uttarakhand,892058,804636,0.902
"Udham Singh Nagar",Uttarakhand,858803,790099,0.92
Nainital,Uttarakhand,493591,461014,0.934
Almora,Uttarakhand,621884,622,0.001
"Tehri Garhwal",Uttarakhand,618313,618,0.001
Pithoragarh,Uttarakhand,482956,483,0.001
Chamoli,Uttarakhand,391214,391,0.001
Uttarkashi,Uttarakhand,168583,161503,0.958
Bageshwar,Uttarakhand,259638,260,0.001
Champawat,Uttarakhand,131135,128513,0.98
Rudraprayag,Uttarakhand,242043,242,0.001
"North Twenty Four Parganas","West Bengal",5120093,4889688,0.955
"South Twenty Four Parganas","West Bengal",4172782,3989179,0.956
Barddhaman,"West Bengal",3967899,3749664,0.945
Murshidabad,"West Bengal",3628093,3475714,0.958
"Paschim Medinipur","West Bengal",3007862,2905595,0.966
Hugli,"West Bengal",2814454,2704691,0.961
Nadia,"West Bengal",2654135,2513465,0.947
"Purba Medinipur","West Bengal",2629450,2466425,0.938
Haora,"West Bengal",2501304,2348725,0.939
Kolkata,"West Bengal",2356758,2139936,0.908
Maldah,"West Bengal",2051875,1936970,0.944
Jalpaiguri,"West Bengal",1983024,1889822,0.953
Bankura,"West Bengal",1837851,1758823,0.957
Birbhum,"West Bengal",1790595,1711809,0.956
"Uttar Dinajpur","West Bengal",1550868,1456266,0.939
Puruliya,"West Bengal",1497248,1432867,0.957
"Koch Bihar","West Bengal",1451641,1367445,0.942
Darjiling,"West Bengal",937474,909349,0.97
"Dakshin Dinajpur","West Bengal",856992,819284,0.956
