state,total_literate_pop,total_lliterate_pop
"Andaman And Nicobar Islands",241015,33969
"Andhra Pradesh",56671677,27909100
"Arunachal Pradesh",761557,445597
Assam,22484409,8721167
Bihar,63994271,38707092
Chandigarh,908215,147235
Chhattisgarh,18621154,8556328
"Daman and Diu",211827,31420
Delhi,125446,16558
Goa,1293736,164809
Gujarat,45836339,12476267
Haryana,19123489,6227973
"Himachal Pradesh",8883924,1717028
"Jammu and Kashmir",8391150,4150152
Jharkhand,21132066,10791012
Karnataka,46146322,15204205
Kerala,31395554,2010507
Lakshadweep,59218,5255
"Madhya Pradesh",47069447,20611880
Maharashtra,92954049,20368930
Manipur,2196539,659255
Meghalaya,2009086,698963
Mizoram,999927,97279
Nagaland,1569750,408752
Orissa,30486803,11487415
Puducherry,1071351,176602
Punjab,20201266,6547444
Rajasthan,47063500,24694078
"Tamil Nadu",57775522,14371508
Tripura,3203603,470314
"Uttar Pradesh",133084739,63694737
Uttarakhand,5992810,1515789
"West Bengal",69475388,21800727
